{
  "timestamp": "2026-01-02T20:05:26.161613",
  "total_ingredients": 324,
  "constraints": {
    "calories": {
      "min": 400,
      "max": 800,
      "target": 600
    },
    "protein": {
      "min": 15,
      "max": 50,
      "target": 30
    },
    "sodium": {
      "min": 0,
      "max": 800,
      "target": 500
    },
    "carbs": {
      "min": 30,
      "max": 100,
      "target": 60
    },
    "fat": {
      "min": 10,
      "max": 30,
      "target": 20
    }
  },
  "accuracy": {
    "overall_satisfaction": 81.2,
    "constraint_metrics": {
      "calories": {
        "accuracy": 0.895,
        "precision": 1.0,
        "recall": 0.895,
        "f1_score": 0.9445910290237467,
        "satisfaction_rate": 0.895
      },
      "protein": {
        "accuracy": 0.655,
        "precision": 1.0,
        "recall": 0.655,
        "f1_score": 0.7915407854984895,
        "satisfaction_rate": 0.655
      },
      "fat": {
        "accuracy": 0.745,
        "precision": 1.0,
        "recall": 0.745,
        "f1_score": 0.8538681948424068,
        "satisfaction_rate": 0.745
      },
      "carbs": {
        "accuracy": 0.98,
        "precision": 1.0,
        "recall": 0.98,
        "f1_score": 0.98989898989899,
        "satisfaction_rate": 0.98
      },
      "sodium": {
        "accuracy": 0.785,
        "precision": 1.0,
        "recall": 0.785,
        "f1_score": 0.8795518207282913,
        "satisfaction_rate": 0.785
      }
    },
    "avg_reward": 421.3108941321609,
    "std_reward": 633.9988219023455
  },
  "efficiency": {
    "avg_generation_time": 0.11611452579498291,
    "std_generation_time": 0.0024514512968232777,
    "recipes_per_second": 8.612186917644099,
    "avg_memory_mb": 0.0089453125,
    "max_memory_mb": 0.015625,
    "avg_cpu_percent": 3.7480000000000007
  },
  "rewards": {
    "mean": 537.0771173572813,
    "std": 640.8270929044853,
    "min": -900.0498916974504,
    "max": 1772.408886932164,
    "median": 649.3216709454036
  }
}